{"cameraMode":{"drawMode":0,"name":"Shaded","section":"Shading Mode"},"sceneLighting":true,"audioPlay":false,"sceneViewState":{"showFog":true,"showMaterialUpdate":false,"showSkybox":true,"showFlares":true,"showImageEffects":true,"showParticleSystems":true},"in2DMode":false,"pivot":{"x":-22.105010986328126,"y":12.67692756652832,"z":21.087831497192384},"rotation":{"x":-0.07299011945724487,"y":-0.9179357886314392,"z":0.21752291917800904,"w":-0.3259377181529999},"size":15.206670761108399,"orthographic":true}