{"cameraMode":{"drawMode":0,"name":"Shaded","section":"Shading Mode"},"sceneLighting":true,"audioPlay":false,"sceneViewState":{"showFog":true,"showMaterialUpdate":false,"showSkybox":true,"showFlares":true,"showImageEffects":true,"showParticleSystems":true},"in2DMode":false,"pivot":{"x":0.38835608959198,"y":-4.229060173034668,"z":-12.071878433227539},"rotation":{"x":0.09831291437149048,"y":0.2590128481388092,"z":-0.026508552953600885,"w":0.9605014324188232},"size":5.258852958679199,"orthographic":false}