{"cameraMode":{"drawMode":0,"name":"Shaded","section":"Shading Mode"},"sceneLighting":true,"audioPlay":false,"sceneViewState":{"showFog":true,"showMaterialUpdate":false,"showSkybox":true,"showFlares":true,"showImageEffects":true,"showParticleSystems":true},"in2DMode":false,"pivot":{"x":0.35600000619888308,"y":-3.6489999294281008,"z":-16.272987365722658},"rotation":{"x":0.09114524722099304,"y":0.6829644441604614,"z":-0.08651644736528397,"w":0.7195829153060913},"size":2.0133626461029054,"orthographic":false}