{"cameraMode":{"drawMode":0,"name":"Shaded","section":"Shading Mode"},"sceneLighting":true,"audioPlay":false,"sceneViewState":{"showFog":true,"showMaterialUpdate":false,"showSkybox":true,"showFlares":true,"showImageEffects":true,"showParticleSystems":true},"in2DMode":false,"pivot":{"x":-0.12000000476837158,"y":3.259999990463257,"z":-2.119999885559082},"rotation":{"x":0.16741879284381867,"y":-0.6456760168075562,"z":0.14795711636543275,"w":0.7303186058998108},"size":2.0445520877838136,"orthographic":false}