{"cameraMode":{"drawMode":0,"name":"Shaded","section":"Shading Mode"},"sceneLighting":true,"audioPlay":false,"sceneViewState":{"showFog":true,"showMaterialUpdate":false,"showSkybox":true,"showFlares":true,"showImageEffects":true,"showParticleSystems":true},"in2DMode":false,"pivot":{"x":-3.0574779510498049,"y":10.954785346984864,"z":-22.30063247680664},"rotation":{"x":0.17738065123558045,"y":-0.5576122999191284,"z":0.12343180179595947,"w":0.8015356063842773},"size":0.6921018362045288,"orthographic":false}