{"cameraMode":{"drawMode":0,"name":"Shaded","section":"Shading Mode"},"sceneLighting":true,"audioPlay":false,"sceneViewState":{"showFog":true,"showMaterialUpdate":false,"showSkybox":true,"showFlares":true,"showImageEffects":true,"showParticleSystems":true},"in2DMode":false,"pivot":{"x":0.2986103296279907,"y":-3.5793817043304445,"z":-16.917274475097658},"rotation":{"x":0.09747842699289322,"y":-0.6991890668869019,"z":0.09707843512296677,"w":0.701680600643158},"size":2.597637414932251,"orthographic":false}