{"cameraMode":{"drawMode":0,"name":"Shaded","section":"Shading Mode"},"sceneLighting":true,"audioPlay":false,"sceneViewState":{"showFog":true,"showMaterialUpdate":false,"showSkybox":true,"showFlares":true,"showImageEffects":true,"showParticleSystems":true},"in2DMode":false,"pivot":{"x":-12.885831832885743,"y":-3.876758098602295,"z":-17.204097747802736},"rotation":{"x":-0.05313853919506073,"y":0.7059609293937683,"z":-0.053265154361724856,"w":-0.7042649388313294},"size":1.3342483043670655,"orthographic":false}