{"cameraMode":{"drawMode":0,"name":"Shaded","section":"Shading Mode"},"sceneLighting":true,"audioPlay":false,"sceneViewState":{"showFog":true,"showMaterialUpdate":false,"showSkybox":true,"showFlares":true,"showImageEffects":true,"showParticleSystems":true},"in2DMode":false,"pivot":{"x":-12.885831832885743,"y":-3.876758098602295,"z":-17.204097747802736},"rotation":{"x":-0.03858937323093414,"y":0.737808883190155,"z":-0.04232810065150261,"w":-0.6725981831550598},"size":1.0342483520507813,"orthographic":false}